href,name,price
/km/c269a010f428e1f4x.htm#fr_page=list&fr_pos=city&fr_no=0,奔驰B级 2009款 B 200 时尚型(进口),8.10
/tj/88cd3d0712fc479fx.htm#fr_page=list&fr_pos=city&fr_no=1,大众 桑塔纳 2015款 1.6L 自动风尚版,5.50
/jiaxing/86428bcc665368ddx.htm#fr_page=list&fr_pos=city&fr_no=2,现代 悦动 2010款 1.6L AT GLS,3.00
/qd/c72aaacd904e5d4ex.htm#fr_page=list&fr_pos=city&fr_no=3,大众 朗逸 2013款 改款经典 1.6L 自动舒适版,7.98
/sy/2dd674853b5e5f80x.htm#fr_page=list&fr_pos=city&fr_no=4,英菲尼迪EX系列 2011款 EX25 尊雅版(进口),13.60
/luoyang/ccda40aa9c926c98x.htm#fr_page=list&fr_pos=city&fr_no=5,大众 朗逸 2015款 1.6L 手动风尚版,6.30
/jiaxing/7513a82c9738f838x.htm#fr_page=list&fr_pos=city&fr_no=6,大众 甲壳虫 2010款 1.6 AT(进口),6.65
/xuzhou/041299dd70035fa1x.htm#fr_page=list&fr_pos=city&fr_no=7,宝马3系 2012款 320i 豪华型,9.90
/weifang/0efdff79a9bd3d15x.htm#fr_page=list&fr_pos=city&fr_no=8,宝马X1 2012款 sDrive20i 领先型,11.60
/fz/770c5b2aebf5fb07x.htm#fr_page=list&fr_pos=city&fr_no=9,日产 轩逸 2016款 1.6XV CVT智享版,8.58
/nn/2f84b28d0482bab7x.htm#fr_page=list&fr_pos=city&fr_no=10,大众 捷达 2015款 质惠版 1.6L 自动时尚型,6.48
/hz/c6a74b236b1715b3x.htm#fr_page=list&fr_pos=city&fr_no=11,别克 君威 2014款 2.0L 领先时尚型,6.98
/jn/24fd18c4c4a56402x.htm#fr_page=list&fr_pos=city&fr_no=12,奔驰C级 2015款 C 200 L 运动型,19.98
/sy/5ef6daffc98f76ebx.htm#fr_page=list&fr_pos=city&fr_no=13,雪佛兰 科鲁兹 2013款 1.6L SE MT,3.98
/nantong/c49905ca0a7778d4x.htm#fr_page=list&fr_pos=city&fr_no=14,大众 途观 2015款 1.8TSI 自动两驱风尚版,11.88
/sh/c2933d95e5322866x.htm#fr_page=list&fr_pos=city&fr_no=15,标致2008 2014款 1.6L 自动时尚版,6.90
/km/b30daac58de5d2cex.htm#fr_page=list&fr_pos=city&fr_no=16,本田 飞度 2016款 1.5L LXS CVT舒适天窗版,7.60
/xinxiang/dca606d63f6c5d8bx.htm#fr_page=list&fr_pos=city&fr_no=17,斯柯达 昕锐 2016款 1.4L 手动前行版,4.35
/yibin/608f2d55d227240ax.htm#fr_page=list&fr_pos=city&fr_no=0,福特 翼搏 2017款 1.5L 手动舒适型,5.87
/linyi/50a78123553f8be4x.htm#fr_page=list&fr_pos=city&fr_no=18,众泰T600 2015款 1.5T 手动精英型,3.68
/cd/29f581de72e205fbx.htm#fr_page=list&fr_pos=city&fr_no=19,大众 迈腾 2016款 1.8TSI 智享舒适型,15.58
/bj/bcf8a7648f702017x.htm#fr_page=list&fr_pos=city&fr_no=20,日产 奇骏 2014款 2.5L CVT至尊版 4WD,13.90
/cq/14518805cab47b32x.htm#fr_page=list&fr_pos=city&fr_no=21,长安 逸动DT 2018款 1.6L 自动尊享型,5.68
/km/aa4f223ec9d71a3dx.htm#fr_page=list&fr_pos=city&fr_no=22,三菱 劲炫ASX 2013款 1.6L 手动两驱标准版,4.98
/bj/df4d3afbea14d89ax.htm#fr_page=list&fr_pos=city&fr_no=23,铃木 锋驭 2014款 1.6L CVT两驱进取型,6.50
/hrb/4a55cc2eca6a1ecdx.htm#fr_page=list&fr_pos=city&fr_no=24,大众 朗行 2015款 230TSI DSG舒适版,7.90
/linyi/4d45c1d5f095b4fbx.htm#fr_page=list&fr_pos=city&fr_no=25,现代ix35 2013款 2.0L 自动两驱智能型GLS 国IV,7.40
/su/f2d16facff08ffd5x.htm#fr_page=list&fr_pos=city&fr_no=26,大众 速腾 2014款 改款 1.6L 自动舒适型,7.30
/zhuhai/0bb936612c1c4594x.htm#fr_page=list&fr_pos=city&fr_no=27,日产 轩逸 2016款 1.6XL CVT豪华版,8.88
/su/be098c9e17a10402x.htm#fr_page=list&fr_pos=city&fr_no=28,福特 翼虎 2017款 EcoBoost 180 两驱虎跃型,10.66
/cd/74ef3d2978c3f7a1x.htm#fr_page=list&fr_pos=city&fr_no=29,别克 英朗 2019款 18T 自动互联旗舰型 国VI,8.30
/yantai/faa68ed09cc80895x.htm#fr_page=list&fr_pos=city&fr_no=30,大众 桑塔纳 2016款 1.6L 自动风尚版,5.98
/cd/e0980a84d626d131x.htm#fr_page=list&fr_pos=city&fr_no=31,吉利 博越 2016款 1.8TD 自动智慧型,8.38
/dl/da22b1f8df240e8fx.htm#fr_page=list&fr_pos=city&fr_no=32,中华V5 2012款 1.5T 自动两驱运动型,4.60
/km/57e87537a34976e7x.htm#fr_page=list&fr_pos=city&fr_no=33,奥迪Q3 2013款 35 TFSI quattro 技术型,14.90
/cs/10bb7d2f8d8d69c0x.htm#fr_page=list&fr_pos=city&fr_no=34,别克 君威 2014款 1.6T 时尚技术型,7.98
/nn/8cc45ac71c9e1355x.htm#fr_page=list&fr_pos=city&fr_no=35,标致408 2015款 1.2T 自动豪华版,8.50
/luoyang/2c546bef544e93bex.htm#fr_page=list&fr_pos=city&fr_no=1,捷途X70 2018款 1.5T 自动悦行版,6.98
/su/da461337c555ab22x.htm#fr_page=list&fr_pos=city&fr_no=2,宝骏510 2017款 1.5L 手动豪华型,4.36
/weifang/4a28aab8ca331100x.htm#fr_page=list&fr_pos=city&fr_no=3,宝马5系 2014款 525Li 豪华设计套装,25.00
/baotou/ec6d4222aa23e891x.htm#fr_page=list&fr_pos=city&fr_no=4,大众CC 2016款 1.8TSI 豪华型,16.80
/dl/0a4792b419b730dfx.htm#fr_page=list&fr_pos=city&fr_no=5,别克 威朗 2018款 三厢 20T 双离合领先型,8.98
/jinhua/a997aa28e4327759x.htm#fr_page=list&fr_pos=city&fr_no=6,现代ix25 2017款 1.6L 自动智能型,9.60
/hrb/38cd498958890a33x.htm#fr_page=list&fr_pos=city&fr_no=7,现代ix35 2018款 2.0L 自动两驱智勇·畅享版,11.50
/yibin/8ed2ca2d40be516cx.htm#fr_page=list&fr_pos=city&fr_no=8,大众 捷达 2017款 1.5L 手动时尚型,5.85
/tangshan/26a6bef5772fb5d8x.htm#fr_page=list&fr_pos=city&fr_no=9,丰田 凯美瑞 2019款 2.5S 锋尚版 国VI,22.00
/xinxiang/940523c85251c418x.htm#fr_page=list&fr_pos=city&fr_no=10,大众POLO 2016款 1.4L 自动风尚型,6.60
/linyi/1bd1c1864e425c55x.htm#fr_page=list&fr_pos=city&fr_no=11,本田 飞度 2014款 1.5L LX CVT舒适型,6.98
/km/5f73d35e88056046x.htm#fr_page=list&fr_pos=city&fr_no=12,福特 蒙迪欧 2017款 EcoBoost 245 豪华运动型,17.20
/nn/0bfb27150558622bx.htm#fr_page=list&fr_pos=city&fr_no=13,五菱宏光 2018款 1.5L 经典款S基本型,3.80
/su/f41ead7315d25595x.htm#fr_page=list&fr_pos=city&fr_no=14,纳智捷 优6 SUV 2017款 改款 1.6T 新创型,8.04
/fz/401062ce69a68985x.htm#fr_page=list&fr_pos=city&fr_no=15,领克01 2017款 2.0T 两驱型Pro版,13.30
/tj/1c95f111ba1b77b3x.htm#fr_page=list&fr_pos=city&fr_no=16,沃尔沃V40 2016款 T3 智逸版(进口),13.80
/zhuhai/af44d40ba3a7bca6x.htm#fr_page=list&fr_pos=city&fr_no=17,丰田 凯美瑞 2018款 2.5S 锋尚版,19.88
/yangzhou/a5a53292da9deb51x.htm#fr_page=list&fr_pos=city&fr_no=18,宝马3系 2018款 320Li 时尚型,22.00
/foshan/d7bcf685a47d892ex.htm#fr_page=list&fr_pos=city&fr_no=36,路虎 发现神行 2016款 2.0T SE,21.68
/qd/7a5459326269a63bx.htm#fr_page=list&fr_pos=city&fr_no=37,本田 奥德赛 2014款 2.4L 豪华版,15.20
/suqian/6ac8dc0bc24c76d3x.htm#fr_page=list&fr_pos=city&fr_no=38,日产 轩逸 2014款 1.6XV CVT尊享版,7.68
/cs/37fa8a5f0babbfa1x.htm#fr_page=list&fr_pos=city&fr_no=39,奥迪Q5 2013款 40 TFSI 技术型,18.58
/sy/62abb50a67a16984x.htm#fr_page=list&fr_pos=city&fr_no=19,上汽大众T-Cross 2019款 1.5L 自动舒适版,11.58
/sh/ebc43928a176fa77x.htm#fr_page=list&fr_pos=city&fr_no=20,奥迪A3 2015款 Limousine 35 TFSI 百万纪念智领型,12.20
/hrb/b93f98dc41045a7ex.htm#fr_page=list&fr_pos=city&fr_no=21,丰田 凯美瑞 2019款 2.0G 豪华版 国V,19.21
/fz/873ae523bc0036a8x.htm#fr_page=list&fr_pos=city&fr_no=22,起亚KX5 2019款 1.6T 自动两驱豪华版,14.98
/cd/428366e6de10793bx.htm#fr_page=list&fr_pos=city&fr_no=23,雷克萨斯ES 2014款 300h 精英版,25.80
/gz/cff7c2c34c5a26a3x.htm#fr_page=list&fr_pos=city&fr_no=24,别克GL8 2013款 2.4L LT豪华商务行政版,13.40
/qd/5e4d921db108be7dx.htm#fr_page=list&fr_pos=city&fr_no=25,日产NV200 2016款 1.6L CVT豪华型,9.30
/nn/a7770cccae7b0c67x.htm#fr_page=list&fr_pos=city&fr_no=26,英菲尼迪Q50L 2018款 2.0T 舒适版 国V,19.98
/xa/1b968e374ceee1e0x.htm#fr_page=list&fr_pos=city&fr_no=27,日产 轩逸 2014款 1.6XV CVT尊享版,7.90
/nmg/e1f1a74a336dfe87x.htm#fr_page=list&fr_pos=city&fr_no=28,大众 宝来 2018款 1.5L 自动时尚型,7.50
/shaoxing/6143fc45fd6455dcx.htm#fr_page=list&fr_pos=city&fr_no=29,福特 蒙迪欧 2017款 EcoBoost 200 豪华型,15.50
/zhuzhou/87bd98af774a9113x.htm#fr_page=list&fr_pos=city&fr_no=30,丰田 凯美瑞 2012款 骏瑞 2.0S 耀动版,10.88
/xuzhou/bf472321d6cc3010x.htm#fr_page=list&fr_pos=city&fr_no=31,大众POLO 2014款 1.4L 手动风尚版,4.68
/dg/8b6175ad95b8dc13x.htm#fr_page=list&fr_pos=city&fr_no=32,斯巴鲁 力狮 2019款 2.5i 全驱荣耀版,23.38
/nc/a44e69fdd3c2d7e3x.htm#fr_page=list&fr_pos=city&fr_no=33,本田XR-V 2015款 1.5L LXi CVT经典版,9.50
/qd/677ea512879dc8a4x.htm#fr_page=list&fr_pos=city&fr_no=34,奔驰R级 2014款 R 400 4MATIC 商务型(进口),30.80
/luoyang/0ecac8ad65fc4eb8x.htm#fr_page=list&fr_pos=city&fr_no=35,大众 途观 2015款 1.8TSI 自动两驱舒适版,11.90
/zz/5a73eae03bc0fe59x.htm#fr_page=list&fr_pos=city&fr_no=36,本田 艾力绅 2019款 2.0L 混动豪华版,29.80
/hrb/5ccf7a35e1d75c5ex.htm#fr_page=list&fr_pos=city&fr_no=37,大众 捷达 2013款 1.6L 手动时尚型,4.70
/linyi/590153ccdb626e2ax.htm#fr_page=list&fr_pos=city&fr_no=0,起亚KX3 2015款 1.6L 自动两驱DLX,7.80
/cq/93f58005d2c2bd8fx.htm#fr_page=list&fr_pos=city&fr_no=38,现代 菲斯塔 2019款 280TGDi 智速版 国V,11.98
/pingdingshan/9df920eebe2f2682x.htm#fr_page=list&fr_pos=city&fr_no=39,丰田 威驰 2017款 1.3L 手动前行版,4.85
/cd/0ac3325c27763da0x.htm#fr_page=list&fr_pos=city&fr_no=1,起亚KX3 2017款 1.6L 自动傲雅版,7.98
/zhuhai/a53027f197e4aa62x.htm#fr_page=list&fr_pos=city&fr_no=2,大众POLO 2014款 1.6L 自动舒适版,6.30
/gz/5eec9ff427c61ad4x.htm#fr_page=list&fr_pos=city&fr_no=3,雪佛兰 迈锐宝 2014款 2.0L 自动舒适版,7.80
/hrb/2053b9e5289cb5f7x.htm#fr_page=list&fr_pos=city&fr_no=4,大众 桑塔纳 2016款 1.4L 手动风尚版,5.50
/nn/12bcd42c7c79214bx.htm#fr_page=list&fr_pos=city&fr_no=5,哈弗H2 2014款 1.5T 手动两驱精英版,5.15
/linyi/8a529ef5bc171658x.htm#fr_page=list&fr_pos=city&fr_no=6,现代 途胜 2015款 1.6T 双离合两驱智能型,9.80
/bj/164543f03aff6a1ex.htm#fr_page=list&fr_pos=city&fr_no=7,日产 西玛 2016款 2.5L XV 至尊版,18.60
/xa/36c5f976fca0bde0x.htm#fr_page=list&fr_pos=city&fr_no=8,本田 思域 2016款 220TURBO CVT豪华版,11.30
/bj/a5d70c87e1e08792x.htm#fr_page=list&fr_pos=city&fr_no=9,大众 甲壳虫 2014款 1.4TSI 时尚型(进口),11.68
/xuzhou/8732c5a18d647bf0x.htm#fr_page=list&fr_pos=city&fr_no=10,本田XR-V 2017款 1.8L EXi CVT舒适版,11.80
/hz/937e4f033eee72ebx.htm#fr_page=list&fr_pos=city&fr_no=11,大众 尚酷 2013款 2.0TSI 百万里程版(进口),13.58
/km/19c8925d3e0735e1x.htm#fr_page=list&fr_pos=city&fr_no=12,本田 飞度 2018款 1.5L CVT舒适天窗版,8.30
/hrb/9c2a0ad4d0340a37x.htm#fr_page=list&fr_pos=city&fr_no=13,大众 捷达 2017款 1.5L 自动时尚型,7.00
/fz/1f2c88bd01bebff1x.htm#fr_page=list&fr_pos=city&fr_no=0,奥迪A4L 2015款 35 TFSI 自动标准型,16.40
/cq/93f58005d2c2bd8fx.htm#fr_page=list&fr_pos=city&fr_no=0,现代 菲斯塔 2019款 280TGDi 智速版 国V,11.98
/anshan/67aabf6fe2c7a492x.htm#fr_page=list&fr_pos=city&fr_no=0,本田 雅阁 2016款 2.4L 舒适版,17.90
/cq/19199d8442f797bbx.htm#fr_page=list&fr_pos=city&fr_no=14,丰田 雷凌 2019款 185T CVT尊享版 国VI,12.98
/luoyang/ee7e7a80cb3023b7x.htm#fr_page=list&fr_pos=city&fr_no=15,奔驰GLA级 2015款 GLA 200 时尚型,16.50
/nmg/47188bd5e0b6776ax.htm#fr_page=list&fr_pos=city&fr_no=16,现代 悦动 2011款 1.6L 手动舒适型,3.88
/weifang/93f26b3b7b13d3ccx.htm#fr_page=list&fr_pos=city&fr_no=17,大众POLO 2013款 1.4L 自动豪华版,5.50
/baoji/948352303f0ee919x.htm#fr_page=list&fr_pos=city&fr_no=18,奥迪A3 2014款 Sportback 35 TFSI 自动时尚型,10.38
/cd/0449fa2aa56e8752x.htm#fr_page=list&fr_pos=city&fr_no=19,奇瑞 艾瑞泽GX 2018款 1.5T CVT睿色版 国V,6.65
/sjz/21689ec92448785ex.htm#fr_page=list&fr_pos=city&fr_no=20,福特 福克斯 2012款 两厢 1.6L 手动舒适型,4.35
/bj/4950192c2999918ax.htm#fr_page=list&fr_pos=city&fr_no=21,本田 冠道 2017款 240TURBO 两驱尊享版,22.80
/suqian/1c64de83bb4c0c05x.htm#fr_page=list&fr_pos=city&fr_no=22,现代 名图 2016款 1.8L 自动智能型GLS,8.78
/sh/6fb0859bdc71e32fx.htm#fr_page=list&fr_pos=city&fr_no=23,本田 思域 2016款 220TURBO CVT尊贵版,12.58
/yantai/40007c0549d23203x.htm#fr_page=list&fr_pos=city&fr_no=24,别克 英朗 2017款 18T 双离合精英型,7.88
/linyi/03a3c5e6a5fa1fa7x.htm#fr_page=list&fr_pos=city&fr_no=25,现代ix25 2015款 1.6L 自动两驱智能型GLS,8.20
/bj/d54311ea87f82542x.htm#fr_page=list&fr_pos=city&fr_no=26,奔驰C级 2019款 C 260 运动版,26.90
/km/71530c3e975cc51fx.htm#fr_page=list&fr_pos=city&fr_no=27,别克 君威 2017款 20T 精英型,13.90
/bj/8d8a431212879a54x.htm#fr_page=list&fr_pos=city&fr_no=28,奔驰C级 2018款 C 200 轿跑车(进口),31.08
/nn/7510c6c7f8576a31x.htm#fr_page=list&fr_pos=city&fr_no=29,现代 领动 2016款 1.6L 自动智炫·精英型,7.38
/jiaxing/359d4b8418b2aa40x.htm#fr_page=list&fr_pos=city&fr_no=30,现代 索纳塔八 2013款 2.0L 自动豪华版,7.19
/xa/a85ceec0fd1f08bbx.htm#fr_page=list&fr_pos=city&fr_no=1,吉利 帝豪 2018款 1.5L CVT向上互联版,6.90
/sy/607365a42f8dfc86x.htm#fr_page=list&fr_pos=city&fr_no=2,宝马3系 2017款 320Li xDrive 时尚型,23.70
/wh/9ec86952ec939f8ex.htm#fr_page=list&fr_pos=city&fr_no=3,奔驰GLA级 2017款 GLA 200 时尚型,19.28
/zz/7ef6941a6bd66dc5x.htm#fr_page=list&fr_pos=city&fr_no=4,Smart smart forfour 2018款 1.0L 52千瓦灵动版,10.48
/nantong/169125183efb2c7fx.htm#fr_page=list&fr_pos=city&fr_no=5,马自达 阿特兹 2018款 2.0L 蓝天豪华版 国V,16.68
/sh/973b20c039110adbx.htm#fr_page=list&fr_pos=city&fr_no=6,大众 途观L 2019款 280TSI 自动两驱全景舒适版 国V,17.98
/bj/402bbab15741f981x.htm#fr_page=list&fr_pos=city&fr_no=7,保时捷Macan 2017款 Macan 2.0T,42.80
/cq/0ad7a3cf6dd1da57x.htm#fr_page=list&fr_pos=city&fr_no=8,宝马5系 2018款 525Li 豪华套装,36.98
/hf/7670a70fc3e220fdx.htm#fr_page=list&fr_pos=city&fr_no=9,路虎 揽胜极光 2013款 2.0T 5门耀致版(进口),17.20
/dg/65e8d89a3478ef4fx.htm#fr_page=list&fr_pos=city&fr_no=10,宝马1系 2017款 118i 运动型,14.80
/xa/633066f7e0916873x.htm#fr_page=list&fr_pos=city&fr_no=11,吉利 博越 2016款 2.0L 手动智联型,6.50
/nn/15e9a64c2b1b5159x.htm#fr_page=list&fr_pos=city&fr_no=12,吉利 帝豪GL 2017款 1.3T 手动精英型,4.90
/zhumadian/26a4b8cc9073421bx.htm#fr_page=list&fr_pos=city&fr_no=13,斯柯达 昕锐 2020款 1.5L 自动舒适版,7.40
/pingdingshan/9df920eebe2f2682x.htm#fr_page=list&fr_pos=city&fr_no=1,丰田 威驰 2017款 1.3L 手动前行版,4.85
/cd/111258f06b20620ex.htm#fr_page=list&fr_pos=city&fr_no=2,MG6 2017款 20T 自动豪华智联版 国V,8.18
/xinxiang/19f058b8eba329dax.htm#fr_page=list&fr_pos=city&fr_no=3,丰田 卡罗拉 2014款 1.6L CVT GL,7.76
/gz/e455f91ea58b92edx.htm#fr_page=list&fr_pos=city&fr_no=4,日产 轩逸 2020款 1.6L XL CVT智享版,11.60
/luzhou/35def7ad9f90d09fx.htm#fr_page=list&fr_pos=city&fr_no=5,Jeep 大切诺基 2014款 3.0L 舒享导航版(进口),25.68
/linyi/efc5f6a8b7608d7bx.htm#fr_page=list&fr_pos=city&fr_no=6,大众 捷达 2015款 1.6L 手动舒适型,4.50
/yantai/9c4a16896255a124x.htm#fr_page=list&fr_pos=city&fr_no=7,现代 名图 2017款 1.8L 自动智能型GLS 国V,9.88
/suqian/194baa404eb0ea7bx.htm#fr_page=list&fr_pos=city&fr_no=8,起亚K3 2016款 1.6L 自动GLS,7.00
/baoji/67d9a720d2937a16x.htm#fr_page=list&fr_pos=city&fr_no=9,哈弗H2 2018款 创享版 红标 1.5T 双离合两驱风尚型,7.98
/su/0ac98bf7fd78c9afx.htm#fr_page=list&fr_pos=city&fr_no=10,路虎 揽胜极光 2018款 240PS SE DYNAMIC 智锐版,25.60
/nn/674b1f51e057eeb5x.htm#fr_page=list&fr_pos=city&fr_no=11,吉利 远景SUV 2018款 1.4T CVT 4G互联豪华型,6.98
/wh/a97eca05ceae49ecx.htm#fr_page=list&fr_pos=city&fr_no=12,奔驰GLC级 2017款 GLC 300 4MATIC 动感型,33.58
/anshan/76dcf8da6b6782d2x.htm#fr_page=list&fr_pos=city&fr_no=1,本田 雅阁 2016款 2.4L 舒适版,17.90
/qd/9b90cbff03a6ef9ax.htm#fr_page=list&fr_pos=city&fr_no=2,奥迪RS3 2017款 RS 3 2.5T Limousine,45.80
/gy/7725f364444196f0x.htm#fr_page=list&fr_pos=city&fr_no=3,大众 途观 2017款 330TSI 四驱创睿型(进口),19.80
/wei/73dc2811f997789ex.htm#fr_page=list&fr_pos=city&fr_no=4,三菱 欧蓝德 2018款 2.0L 两驱荣耀版 5座,13.80
/cq/bdede33f02ac641dx.htm#fr_page=list&fr_pos=city&fr_no=5,大众 途观L 2017款 330TSI 自动两驱旗舰版,17.80
/cq/6a28cc6eb5d56e0bx.htm#fr_page=list&fr_pos=city&fr_no=6,奔驰E级 2017款 E 300 L 运动豪华型,40.80
/yc/ea81fdfc99892e86x.htm#fr_page=list&fr_pos=city&fr_no=7,日产 蓝鸟 2019款 1.6L CVT炫酷版 国V,8.68
/hz/126c361359b8330ax.htm#fr_page=list&fr_pos=city&fr_no=8,奔驰GLC级 2018款 GLC 260 4MATIC 豪华型,35.80
/cs/ff90ef806ab7a83cx.htm#fr_page=list&fr_pos=city&fr_no=9,奥迪TT 2015款 TT Coupe 45 TFSI(进口),31.58
/xa/982fd7592b5f7f51x.htm#fr_page=list&fr_pos=city&fr_no=10,本田 艾力绅 2016款 2.4L 豪华版,26.50
/sz/8ad01c8a5d5cb784x.htm#fr_page=list&fr_pos=city&fr_no=11,玛莎拉蒂Ghibli 2014款 3.0T 标准版,49.80
/jstaizhou/cdf857a64d488278x.htm#fr_page=list&fr_pos=city&fr_no=12,奥迪A3 2016款 Limousine 35 TFSI 进取型,13.68
/anshan/6d908c4733db3184x.htm#fr_page=list&fr_pos=city&fr_no=13,本田 雅阁 2016款 2.4L 豪华版,18.40
/jinhua/61a09b93c340165dx.htm#fr_page=list&fr_pos=city&fr_no=14,吉利 远景X1 2017款 1.3L 自动乐趣版,3.80
/gy/168e0aff5519c4a7x.htm#fr_page=list&fr_pos=city&fr_no=15,WEY VV7 2017款 2.0T 超豪型,13.20
/cd/1a1ce9bd85f5d3d2x.htm#fr_page=list&fr_pos=city&fr_no=31,捷豹XEL 2019款 2.0T 200PS 尊享版,23.80
/dg/c955691027336ef8x.htm#fr_page=list&fr_pos=city&fr_no=32,日产 蓝鸟 2018款 1.6L CVT炫酷潮音版,9.38
/sy/0b3de0f73342df00x.htm#fr_page=list&fr_pos=city&fr_no=33,起亚 智跑 2016款 2.0L 自动两驱版GL,9.98
/luoyang/4def8a0015f5373cx.htm#fr_page=list&fr_pos=city&fr_no=34,丰田 汉兰达 2015款 2.0T 四驱至尊版 7座,28.00
/km/85b2694248f0973ax.htm#fr_page=list&fr_pos=city&fr_no=35,长安 逸动 2018款 1.6L GDI 自动锐潮型 国V,7.80
/dg/0485c0291ca45014x.htm#fr_page=list&fr_pos=city&fr_no=36,日产NV200 2016款 改款 1.6L CVT豪华型,9.68
/cq/d434f3708e82d6fdx.htm#fr_page=list&fr_pos=city&fr_no=37,起亚K3 2016款 1.6L 自动天窗版,7.00
/jining/c97592e72cc32fd1x.htm#fr_page=list&fr_pos=city&fr_no=38,起亚 狮跑 2013款 2.0L 自动两驱版GL,6.38
/su/6655d83f13123084x.htm#fr_page=list&fr_pos=city&fr_no=39,大众 高尔夫 2015款 1.4TSI 自动舒适型,9.38
/hrb/aa4f1904c814f1f0x.htm#fr_page=list&fr_pos=city&fr_no=14,传祺GS4 2017款 235T 自动两驱豪华智联版,8.30
/qd/3bd07de0884010eex.htm#fr_page=list&fr_pos=city&fr_no=15,别克 君威 2017款 30H 精英型,13.20
/zhuhai/088aa0d6cd701a3cx.htm#fr_page=list&fr_pos=city&fr_no=16,吉利 帝豪GL 2018款 1.8L 自动精英智联型,7.18
/zz/c67b017ddd85d1a0x.htm#fr_page=list&fr_pos=city&fr_no=17,WEY VV7 2017款 2.0T 旗舰型,11.68
/yuncheng/5bea05d5b37cc608x.htm#fr_page=list&fr_pos=city&fr_no=18,本田 雅阁 2018款 260TURBO 旗舰版 国V,18.20
/cq/7a1d43253745bc62x.htm#fr_page=list&fr_pos=city&fr_no=19,哈弗H6 Coupe 2016款 蓝标 1.5T 自动两驱精英型,7.50
/dg/9e743323a8e6f050x.htm#fr_page=list&fr_pos=city&fr_no=20,宝马1系 2018款 118i 运动型,15.60
/xm/1908b975747a6c08x.htm#fr_page=list&fr_pos=city&fr_no=21,宝马5系 2018款 530Li xDrive M运动套装,41.80
/cs/5ff5467b91664d04x.htm#fr_page=list&fr_pos=city&fr_no=22,宝马X1 2018款 sDrive20Li 领先型,22.68
/anshan/2be4439b22aa15c9x.htm#fr_page=list&fr_pos=city&fr_no=23,哈弗H6 2018款 红标 运动版 1.5T 自动两驱精英型,8.88
/cs/0fe0a0eebc443dc5x.htm#fr_page=list&fr_pos=city&fr_no=24,雷诺 科雷傲 2017款 2.5L 两驱尊贵版,13.28
/cs/833691b051582f92x.htm#fr_page=list&fr_pos=city&fr_no=25,哈弗H6 Coupe 2016款 蓝标 1.5T 手动两驱精英型,6.80
/baotou/8b0b6e09df105ba7x.htm#fr_page=list&fr_pos=city&fr_no=26,传祺GS4 2017款 235T 自动两驱精英版,8.88
/xuzhou/7207c61d120ca693x.htm#fr_page=list&fr_pos=city&fr_no=27,别克 君威 2017款 20T 尊贵型,12.30
/foshan/d3e18f3023052f51x.htm#fr_page=list&fr_pos=city&fr_no=28,大众 2018款 途安L 280TSI 自动舒适版 7座 国V,13.38
/hf/d007e4ffcab584acx.htm#fr_page=list&fr_pos=city&fr_no=13,现代ix35 2018款 2.0L 自动两驱智勇·畅享版,10.29
/hz/92efaa31c59e579dx.htm#fr_page=list&fr_pos=city&fr_no=14,别克 昂科威 2016款 20T 两驱精英型,12.58
/hz/a748b0492cca9769x.htm#fr_page=list&fr_pos=city&fr_no=15,奔驰C级 2020款 改款 C 200 L 时尚型运动版,27.88
/zhangjiakou/eb38a3d1480de36dx.htm#fr_page=list&fr_pos=city&fr_no=16,本田 飞度 2014款 1.5L LX CVT舒适型,6.60
/sjz/4a9e3b150223f996x.htm#fr_page=list&fr_pos=city&fr_no=17,丰田 汉兰达 2018款 2.0T 四驱骑士版 7座 国VI,32.20
/ty/33de006c4a18fd8dx.htm#fr_page=list&fr_pos=city&fr_no=18,斯柯达 速派 2018款 TSI280 DSG舒适版 国V,10.50
/cq/eded3ff06fa230b3x.htm#fr_page=list&fr_pos=city&fr_no=19,大众 帕萨特 2019款 330TSI 精英版 国V,17.98
/wei/1e5c4c93b243d7e0x.htm#fr_page=list&fr_pos=city&fr_no=20,丰田 RAV4 2016款 2.5L 自动四驱精英版,19.30
/jinhua/7f269b6bfa1176dax.htm#fr_page=list&fr_pos=city&fr_no=21,现代 菲斯塔 2019款 280TGDi 智速版 国VI,12.78
/nb/e4fb9664c63cc831x.htm#fr_page=list&fr_pos=city&fr_no=22,宝骏530 2018款 1.5T DCT豪华型 国V,7.10
/cs/bb4ad231f15b2603x.htm#fr_page=list&fr_pos=city&fr_no=23,大众 宝来 2018款 1.5L 自动舒适型,8.98
/cd/aa2e4103f5d7d0e9x.htm#fr_page=list&fr_pos=city&fr_no=24,奥迪Q3 2018款 30周年年型 30 TFSI 时尚型,18.78
/sy/d83a23df85c5fac2x.htm#fr_page=list&fr_pos=city&fr_no=25,奔驰C级 2018款 C 200 L 运动版,27.00
/qd/dca18a16555ffb60x.htm#fr_page=list&fr_pos=city&fr_no=26,别克GL8 2017款 ES 28T 尊享型 国V,29.80
/ty/a8a4d6291ef73b53x.htm#fr_page=list&fr_pos=city&fr_no=27,丰田 凯美瑞 2016款 2.0G 十周年纪念豪华版,14.80
/qd/dba09cc8ea7509aax.htm#fr_page=list&fr_pos=city&fr_no=16,路虎 发现 2014款 3.0 V6 SC HSE(进口),49.80
/baotou/9ee77f25f800435bx.htm#fr_page=list&fr_pos=city&fr_no=17,长安商用 欧尚 2016款 1.5L 手动豪华型7座,4.28
/wh/945a73c844c4feddx.htm#fr_page=list&fr_pos=city&fr_no=18,北京BJ40 2018款 PLUS 2.3T 自动四驱尊享版 国V,14.66
/nb/d5028a8cf422c278x.htm#fr_page=list&fr_pos=city&fr_no=19,大众 速腾 2014款 1.6L 自动舒适型,5.90
/qd/0673f337fde942e7x.htm#fr_page=list&fr_pos=city&fr_no=20,奥迪A3 2019款 Limousine 35 TFSI 时尚型 国V,15.50
/sh/b2f9602c371e4f79x.htm#fr_page=list&fr_pos=city&fr_no=21,奥迪Q3 2016款 30 TFSI 典藏版 智领型,16.98
/nn/93acb0f096d5f2e9x.htm#fr_page=list&fr_pos=city&fr_no=22,吉利 帝豪GS 2016款 优雅版 1.3T 手动领尚型,5.88
/quanzhou/bd217ab54acdfa08x.htm#fr_page=list&fr_pos=city&fr_no=23,奔驰E级 2018款 E 200 L 4MATIC,37.89
/hrb/5978811fd1dd3038x.htm#fr_page=list&fr_pos=city&fr_no=24,雷克萨斯ES 2013款 300h 精英版,26.10
/qd/d9634f29568ad365x.htm#fr_page=list&fr_pos=city&fr_no=25,奔驰V级 2018款 V 260 L 尊贵加长版,50.50
/hrb/4c0ee31edf295b7ex.htm#fr_page=list&fr_pos=city&fr_no=26,奥迪A6L 2016款 30 FSI 技术型,31.00
/baotou/d693f0004cfc1e66x.htm#fr_page=list&fr_pos=city&fr_no=27,吉利 缤越 2019款 运动款 260T DCT Battle 国V,10.38
/jn/aa595a09a7125486x.htm#fr_page=list&fr_pos=city&fr_no=28,Smart smart fortwo 2015款 1.0L 52千瓦硬顶激情版,8.98
/cq/2c25c9c62b1b5832x.htm#fr_page=list&fr_pos=city&fr_no=29,保时捷Macan 2018款 Macan 2.0T,58.50
/nmg/2709061cbe5e310ex.htm#fr_page=list&fr_pos=city&fr_no=30,马自达 昂克赛拉 2014款 两厢 2.0L 自动旗舰型,7.20
/hrb/390bed3473e15794x.htm#fr_page=list&fr_pos=city&fr_no=31,奥迪A8L 2016款 A8L 45 TFSI quattro时尚型(进口),53.50
/ty/fbbe9fb0db3664f0x.htm#fr_page=list&fr_pos=city&fr_no=29,雷克萨斯ES 2015款 200 精英版,22.58
/xa/347814b2a671d952x.htm#fr_page=list&fr_pos=city&fr_no=30,MINI Countryman 2014款 1.6T COOPER S,16.68
/su/7436d62545bcd442x.htm#fr_page=list&fr_pos=city&fr_no=31,奥迪RS5 2012款 RS 5 Coupe,40.00
/xa/7c0e40e5a95230c1x.htm#fr_page=list&fr_pos=city&fr_no=32,大众POLO 2016款 1.4L 自动风尚型,7.50
/baotou/11d5f71094d64b54x.htm#fr_page=list&fr_pos=city&fr_no=33,奔驰GLA级 2017款 GLA 200 时尚型,20.50
/xuzhou/ca7f147f7362902cx.htm#fr_page=list&fr_pos=city&fr_no=34,别克GL8 2017款 ES 28T 尊享型 国V,26.80
/jinhua/d6c7d5bfae9fc779x.htm#fr_page=list&fr_pos=city&fr_no=35,吉利 博越 2016款 1.8TD 自动智联型,8.38
/baotou/741b2b866b03884cx.htm#fr_page=list&fr_pos=city&fr_no=36,本田 雅阁 2013款 2.4L SE,11.78
/cd/89f3cb4ae0a3bd03x.htm#fr_page=list&fr_pos=city&fr_no=37,宝马3系 2017款 320i M运动型,22.28
/tangshan/d70763bf86878794x.htm#fr_page=list&fr_pos=city&fr_no=38,传祺GS8 2017款 320T 两驱豪华智联版（七座）,14.70
/baotou/d8261e38cc5b2a1bx.htm#fr_page=list&fr_pos=city&fr_no=39,奔驰E级 2016款 E 300 L 运动豪华型,33.80
/bj/aea22d73e15f667bx.htm#fr_page=list&fr_pos=city&fr_no=28,奥迪TT 2011款 TT Coupe 2.0TFSI(进口),18.28
/qd/c8869f6faa529596x.htm#fr_page=list&fr_pos=city&fr_no=29,凯迪拉克XTS 2018款 28T 技术型,19.80
/xa/62268422d1873ca7x.htm#fr_page=list&fr_pos=city&fr_no=30,吉利 缤瑞 2018款 14T CVT缤致版,7.80
/sjz/078171499679719bx.htm#fr_page=list&fr_pos=city&fr_no=31,大众 捷达 2015款 1.6L 手动舒适型,4.90
/dg/305988d6cbdf927ex.htm#fr_page=list&fr_pos=city&fr_no=32,别克 君威 2017款 20T 豪华型,13.20
/zhuhai/4c66f97f2c4a3635x.htm#fr_page=list&fr_pos=city&fr_no=33,宝马3系 2018款 320Li 时尚型,24.88
/yibin/f44fd88459d636e6x.htm#fr_page=list&fr_pos=city&fr_no=34,起亚 智跑 2016款 2.0L 自动两驱版GL,8.95
/hrb/c3390fcc6effdc2dx.htm#fr_page=list&fr_pos=city&fr_no=35,起亚K5 2014款 2.0L 自动LUXURY,8.70
/wh/cc16f66316a6961fx.htm#fr_page=list&fr_pos=city&fr_no=36,哈弗H2s 2018款 红标 1.5T 双离合风尚型,7.68
/yibin/e59bbd3a4ba6f712x.htm#fr_page=list&fr_pos=city&fr_no=37,雪佛兰 科鲁兹 2017款 1.5L 手动炫锋版,6.95
/jining/9d80154003eed4d4x.htm#fr_page=list&fr_pos=city&fr_no=38,日产 天籁 2016款 2.0L XL舒适版,12.98
/hrb/6465edeb76bfd076x.htm#fr_page=list&fr_pos=city&fr_no=39,大众POLO 2016款 1.4L 自动风尚型,6.89
/su/249bfb3bc897c146x.htm#fr_page=list&fr_pos=city&fr_no=32,本田 思域 2016款 220TURBO CVT豪华版,12.19
/xinyang/dc68034108a14c37x.htm#fr_page=list&fr_pos=city&fr_no=33,吉利 博瑞 2015款 1.8T 旗舰型,8.60
/linyi/076b8eee0bc95ed3x.htm#fr_page=list&fr_pos=city&fr_no=34,丰田 威驰 2014款 1.3L 自动型尚版,5.80
/zz/cf7e4a36e66d2a73x.htm#fr_page=list&fr_pos=city&fr_no=35,大众 捷达 2015款 质惠版 1.6L 手动时尚型,5.00
/anshan/2d64708ddc68cf6ex.htm#fr_page=list&fr_pos=city&fr_no=36,本田 锋范经典 2008款 1.5L 自动精英版,4.70
/cd/a95ee38d1ae931c8x.htm#fr_page=list&fr_pos=city&fr_no=37,奥迪A6L 2012款 TFSI 标准型,18.88
/xa/5599c4861db0feb9x.htm#fr_page=list&fr_pos=city&fr_no=38,斯柯达 昕锐 2016款 1.6L 自动创行版,6.98
/sz/04f3cf4ef4dd9d38x.htm#fr_page=list&fr_pos=city&fr_no=39,本田 思域 2016款 220TURBO CVT尊贵版,12.98
